{"cameraMode":{"drawMode":0,"name":"Shaded","section":"Shading Mode"},"sceneLighting":false,"audioPlay":false,"sceneViewState":{"showFog":true,"showMaterialUpdate":true,"showSkybox":false,"showFlares":true,"showImageEffects":true,"showParticleSystems":true},"in2DMode":false,"pivot":{"x":-13.935773849487305,"y":-21.073503494262697,"z":70.09202575683594},"rotation":{"x":-0.06800640374422074,"y":-0.03410613536834717,"z":0.0023315802682191135,"w":-0.9971094131469727},"size":21.424243927001954,"orthographic":false}