{"cameraMode":{"drawMode":0,"name":"Shaded","section":"Shading Mode"},"sceneLighting":true,"audioPlay":false,"sceneViewState":{"showFog":true,"showMaterialUpdate":true,"showSkybox":false,"showFlares":true,"showImageEffects":true,"showParticleSystems":true},"in2DMode":false,"pivot":{"x":0.4449084401130676,"y":0.20453417301177979,"z":0.043294429779052737},"rotation":{"x":-0.1736765205860138,"y":-0.14097654819488526,"z":0.02512955665588379,"w":-0.9743375182151794},"size":1.1682682037353516,"orthographic":false}