{"cameraMode":{"drawMode":0,"name":"Shaded","section":"Shading Mode"},"sceneLighting":true,"audioPlay":false,"sceneViewState":{"showFog":true,"showMaterialUpdate":true,"showSkybox":true,"showFlares":true,"showImageEffects":true,"showParticleSystems":true},"in2DMode":false,"pivot":{"x":-1.94610595703125,"y":-5.055904388427734,"z":-9.232574462890625},"rotation":{"x":0.03657917678356171,"y":0.7160198092460632,"z":-0.03762561455368996,"w":0.6961049437522888},"size":87.69818878173828,"orthographic":false}