{"cameraMode":{"drawMode":0,"name":"Shaded","section":"Shading Mode"},"sceneLighting":false,"audioPlay":false,"sceneViewState":{"showFog":true,"showMaterialUpdate":true,"showSkybox":false,"showFlares":true,"showImageEffects":true,"showParticleSystems":true},"in2DMode":false,"pivot":{"x":-11.118548393249512,"y":-36.30046081542969,"z":-0.7380466461181641},"rotation":{"x":0.3599911332130432,"y":0.08574900031089783,"z":-0.03325033560395241,"w":0.9284200668334961},"size":13.791062355041504,"orthographic":false}